9;eshop;099935390;0;
20;multirama;094016869;0;
47;domains24;099057539;0;
100;mr. print-ι.βασιλακης-π.κοτσαριδης ο.ε;998444105;0;
102;gmax666 ebay seller;gmax666;0;
109;3ix;3ix;0;
114;trusted-goods-ebay;trust-ds;0;
128;goodbudget-ebay seller;goodbudg;0;
129;sales d.e edwards ebay seller;salesf;0;
130;chinavasion whole sales site;chinavasi;0;
152;sell-trade-ebay;selltrad;0;
189;telecom-world;telecom-w;0;
217;hetzner online ag;-13067878;0;
234;anthony spencer ebay seller;anthony81;0;
237;chonghing ebay seller;chonghing;0;
247;envazone ebay seller;elvazo;0;
296;πεδιαδιτάκη ευαγγελία-φωτογραφικά;103529868;0;
297;καρπαθιωτάκης νικόλαος-ξηροί καρποί;103816857;0;
317;google;848856344;0;
318;microcom_ebay_seller;microcom;0;
324;exelixis-βασιλάκη μαρία;063925233;0;
327;oig.buy;oig.buy;0;
332;emimikos;998779114;0;
360;Hong Kong Tom - ebay seller;honkong;0;
366;concept_solutions-ebay seller;concesol;0;
368;polar mk ebay seller;polarmk;0;
388;digital media store;digmeds;0;
391;singerhot-ebay seller;singerho;0;
395;roxsen ebay seller;roxsen;0;
408;camera_gears ebay seller;camgear;0;
410;γερμανός μοίρες -λ σταθοράκης - ν χαλκιαδάκη;800454190;0;
421;buy in coins ebay seller;buyinco;0;
422;zydistro ebay seller;zydistr;0;
431;dsshop777-ebay seller;dsshop77;0;
441;rf-tony ebay seller;rftony;0;
446;rf-ning ebay seller;rfning;0;
448;tomtop_game-ebay seller;tomtop;0;
449;gps.home ebay seller;gps.home;0;
450;aliexpres chinese seller;-20192519;0;
464;Bentham ltd-ebay seller;bentham;0;
465;Dayz Happy amazon seller;dayzhappy;0;
481;inspire uk ebay seller;inspireuk;0;
482;skv12311-ebay seller;skv12311;0;
485;carbon.i.t.sales-ebay seller;carbon.i;0;
491;crucial uk-laptop ram;crucialuk;0;
523;currys pc wold princes street;034456100;0;
536;d-sa ebay seller;d-saebay;0;
539;bargain bonanza ebay seller;bargbon;0;
543;mestall amazon seller;mestall;0;
552;spector-media ebay seller;specsell;0;
553;prostoragers ebay seller;prostorag;0;
565;unswoe ebay seller;unswoe;0;
576;πανταλός νίκος ηλεκτρολογικό υλικό;παντνικ;0;
579;julia vivi ebay seller;juliavivi;0;
583;bositools2012 ebay seller;bositool;0;
584;29shyans2012 ebay seller;29shyans;0;
585;argos outlet;argosuk;0;
588;kodak express nicolson;kodnicol;0;
637;directsales-hk;directsal;0;
671;nka0137 ebay seller;nka0137;0;
672;bgood2010 ebay seller;bgood2010;0;
677;easy.digital2010 ebay seller;easy.digi;0;
712;buy_ee ebay seller;buy_eeeba;0;
721;doggydiscsuk-engravingonline ebay seller;doggydisc;0;
722;ibisaif ebay seller;ibisaifeb;0;
736;videophoto (brawn-photo.gr);999990882;0;
745;e-domus.gr;e-domus.g;0;
765;PAYPAL *ALLWATCHPAR ALLWA35314369001 LU;775241563;0;
786;GOOGLE *Google Sto US           02.39 VISAXR     1.38954 CD 3510 ;190150030;0;
797;Amazon Svcs Europe CD 7919 ;-29366233;0;
798;WWW.HETZNER.DE EUROS        08.17 VISAXR     1.27656 CD 3510 ;-85210888;0;
802;GOOGLE *Google Sto US           02.39 VISAXR     1.40588 CD 3510 ;134489406;0;
804;VIRGIN MEDIA PYMTS 219245801001 ;152776848;0;
805;LNK TESCO CWAY EDI CD 7919 15APR16 ;-63985018;0;
806;Amazon UK Retail CD 7919 ;-47517577;0;
807;LNK TESCO CWAY EDI CD 7919 05APR16 ;191230677;0;
808;LNK TESCO CWAY EDI CD 7919 22APR16 ;-15595508;0;
809;WWW.ALIEXPRESS.COM GB           13.42 VISAXR     1.41861 CD 7919 ;-95053416;0;
812;WWW.HETZNER.DE EUROS        08.17 VISAXR     1.26471 CD 2412 ;865807534;0;
813;PAYPAL *STEVE WOOD CD 7919 ;-61527619;0;
814;GOOGLE *Google Sto US           02.39 VISAXR     1.45732 CD 3510 ;170994769;0;
815;AMAZON MKTPLACE PM CD 7919 ;-21307304;0;
816;Amazon Prime CD 7919 ;122191218;0;
817;PAYPAL *LOONGG CD 7919 ;608303064;0;
818;LNK CAUSEWAYSIDE CD 7919 30APR16 ;-24933316;0;
819;INTEREST (GROSS) ;-20593335;0;
820;C ASARIDIS TICKET REFUND ;-73009179;0;
821;TSB  CLERK STREET CD 7919 15MAY16 ;-86693548;0;
822;NON-STG TRANS FEE 2.99% CD 7919 ;109632354;0;
823;WWW.ALIEXPRESS.COM GB           17.47 VISAXR     1.43668 CD 7919 ;843927562;0;
824;WWW.ALIEXPRESS.COM GB           01.69 VISAXR     1.4322 CD 7919 ;-15401100;0;
825;WWW.ALIEXPRESS.COM GB           12.53 VISAXR     1.44189 CD 7919 ;-89084401;0;
826;TSB  CLERK STREET CD 7919 08MAY16 ;52765220;0;
829;WWW.HETZNER.DE EUROS        08.17 VISAXR     1.28864 CD 2412 ;200274324;0;
830;WWW.ALIEXPRESS.COM GB           13.38 VISAXR     1.45752 CD 7919 ;-80046429;0;
831;BHS 100 CD 7919 ;-14489492;0;
832;WWW.ALIEXPRESS.COM GB           08.50 VISAXR     1.45548 CD 7919 ;-94488111;0;
833;TSB  FOUNTAINBRIDG CD 7919 23MAY16 ;-21074123;0;
857;PAYPAL *MICHAELDBO CD 7919 ;950706736;0;
858;LNK TESCO CWAY EDI CD 7919 11JUL16 ;367203602;0;
859;H M REVENUE & CUST;141833618;0;
860;Hetzner Online Gmb;-12713738;0;
862;GOOGLE *Google Sto US           02.39 VISAXR     1.30601 CD 7919 ;554685157;0;
863;TSB  CLERK STREET CD 7919 24JUL16 ;-79433150;0;
867;LNK 80 CAUSEWAYSID CD 7919 19AUG16 ;133805870;0;
868;TVLICENSING.CO.UK;136048109;0;
869;STIRLING CASTLE TI CD 7919 ;601246810;0;
870;NATIONAL TRUST CD 7919 ;205768023;0;
871;GEORGATOS VAGGELIS TRAIN TICKETS NICK            20AUG16 ;-18341335;0;
873;THE SCOTTISH CAFE CD 7919 ;-30380466;0;
874;AKVA CD 7919 ;-61793798;0;
875;GOOGLE *Google Sto US           02.39 VISAXR     1.31319 CD 7919 ;799941890;0;
876;GEORGATOS VAGGELIS BEER KITCHEN NICKA            29AUG16 ;-72033497;0;
877;LNK TESCO CWAY EDI CD 7919 29AUG16 ;362297479;0;
878;GEORGATOS VAGGELIS COSMO NICK ;718500229;0;
879;WWW.ALIEXPRESS.COM GB           04.15 VISAXR     1.33013 CD 7919 ;156281684;0;
880;CAFE HUB CD 7919 ;970707173;0;
881;OUR CHARGE;-15593416;0;
882;ELIAS EKONOMOU FROM ELIAS 00151507632BBDBYDW ;228034945;0;
883;CHARLEROI LANDSIDE EUROS        45.00 VISAXR     1.1643 CD 7919 ;134772225;0;
884;Amazon EU Sarl CD 7919 ;201827106;0;
885;LNK TESCO CWAY EDI CD 7919 15SEP16 ;-13474378;0;
886;PAYPAL *CHINAVASIO CD 7919 ;-56033135;0;
887;EASYJET     ER65TP;-13196236;0;
892;LNK TESCO CWAY EDI CD 7919 11OCT16 ;493964307;0;
893;WWW.ALIEXPRESS.COM GB           13.88 VISAXR     1.21117 CD 7919 ;-17183473;0;
894;WWW.ALIEXPRESS.COM GB           11.04 VISAXR     1.21186 CD 7919 ;-58319622;0;
895;CASSARIDIS 08OCT16 OCTOBERFEST TICKET ;159125808;0;
896;Comments;-53777150;0;
897;MNISIKLI-2OS;229759091;0;
898;ΔΕΗ 554649963015;910238319;0;
899;CYTA HELLAS 00000030601500177705;-28151462;0;
900;Flib Travel IΞterΞatioΞal;-14656148;0;
901;DEBIT CASH ADVANCE FEES;152221802;0;
902;EUROPABANK;937928922;0;
903;NMBS WETTEREN TVM;-16846477;0;
904;FRINGE AGENCY BOX CD 7919 ;-27085585;0;
905;PAYPAL *R BUTLER CD 7919 ;717501204;0;
906;F/FLOW NCR FINANCI;163046977;0;
909;WWW.SUMMERHALL.CO. CD 7919 ;125663891;0;
910;CASSARIDIS NICK BEER EVENTS ;206804445;0;
911;LUCANOS KITCHEN CD 7919 ;-13771419;0;
912;LNK TESCO CWAY EDI CD 7919 31OCT16 ;-31538231;0;
913;TV LICENCE QBP1;-95601737;0;
914;LNK TESCO CWAY EDI CD 7919 10NOV16 ;-41102669;0;
915;LNK TESCO CWAY EDI CD 7919 17NOV16 ;150653178;0;
916;PAYPAL *JIMAOWEN CD 7919 ;-67365626;0;
917;COSMO - EDINBURGH CD 7919 ;-83418693;0;
918;SAINSBURYS S/MKTS;115648816;0;
919;europlanet registrar;-16673993;0;
920;PAYPAL *PICSTOP CD 7919 ;144321581;0;
921;GOOGLE *Google Sto US           02.39 VISAXR     1.23834 CD 7919 ;-12472270;0;
922;TSB  CLERK STREET CD 7919 26NOV16 ;180484760;0;
923;LNK TESCO CWAY EDI CD 7919 08DEC16 ;355132377;0;
924;PAYPAL *BPWHEELER CD 7919 ;740222362;0;
925;PAYPAL *CALCINOTTO CD 7919 ;-13509529;0;
926;PAYPAL *NOEL CD 7919 ;478629938;0;
927;COMPENSATION INT;102326042;0;
928;FEE REFUND;-28769140;0;
930;PAYPAL *PLUS BEE CD 7919 ;247947902;0;
931;PAYPAL *JAMES CD 7919 ;140056251;0;
936;GOOGLE *Google Sto US           02.39 VISAXR     1.22564 CD 7919 ;185800826;0;
941;PAYPAL *A4 RETAIL CD 7919 ;-53519110;0;
942;WWW.EDINBURGH.GOV. CD 7919 ;826695950;0;
943;CEC WPF (CHIP&PIN) CD 7919 ;-14526490;0;
944;AXA INSURANCE CD 7919 ;-14279116;0;
945;LNK TESCO CWAY EDI CD 7919 19JAN17 ;-11411123;0;
946;DIRECT LINE CD 7919 ;-68128587;0;
947;DVLA VEHICLE TAX CD 7919 ;-10004902;0;
948;SAINSBURYS-S/MKTS CD 7919 ;308029674;0;
949;SHORTERMOTORINSURA CD 7919 ;340252949;0;
950;E GEORGATOS TSIGARA KATRINAS ;-12444182;0;
951;RAC CD 7919 ;865213187;0;
952;Volvo car purchase;195290643;0;
953;FIDELITY ISA MSP;-14328480;0;
954;HAWKSHEAD RETAIL CD 7919 ;-68791552;0;
955;PARK DAIRY CD 7919 ;-12773985;0;
956;NATIONAL TYRE SERV CD 7919 ;563408807;0;
957;AA WEB SALE CD 7919 ;-19700018;0;
958;PAYPAL *AP ONLINE CD 7919 ;-17142828;0;
959;GOOGLE *Google Sto US           02.39 VISAXR     1.25131 CD 7919 ;214689566;0;
960;LNK 80 CAUSEWAYSID CD 7919 28JAN17 ;-18622014;0;
961;EASYJET     000ERQ;-19523989;0;
962;LNK TESCO CWAY EDI CD 7919 09FEB17 ;129986460;0;
963;GIFFGAFF.COM CD 7919 ;-85697186;0;
964;IKEA LIMITED CD 7919 ;-16792809;0;
965;GOOGLE *SERVICES CD 7919 ;-11509329;0;
966;AMAZON.CO.UK CD 7919 ;278230345;0;
967;LNK EDIN NORTH BRI CD 7919 26FEB17 ;817200953;0;
968;LNK TESCO CWAY EDI CD 7919 10MAR17 ;-45270426;0;
969;PAYPAL *PHOTOGRAPH CD 7919 ;-60208019;0;
970;THE GREEN WELLY ST CD 7919 ;187790568;0;
975;NICK REVOLUT;-17930371;0;
980;LNK TESCO CWAY EDI CD 7919 20APR17 ;960409069;0;
981;ANIMAL COURIERS LT 400000000272998671 18APR17 04:33 ;178038354;0;
984;EASYJET     ERQZTQ CD 7919 ;-16142707;0;
986;TSB  CLERK STREET CD 7919 02JUL17 ;-10450938;0;
987;EKO KOUMOULAS AE;-13362430;0;
988;LIDL;2336453;0;
989;SYGLETOS OE;-10031592;0;
990;6125;1657406;0;
991;PAYPAL *REMIX;-53278964;0;
992;PET PLAN LTD PREM;-13186207;0;
993;SMALL ANIMAL HOSPI CD 3214 ;168200240;0;
994;SAINSBURYS S/MKTS CD 3214 ;-16488633;0;
995;BANK OF SCOTLAND;-10857269;0;
996;LIDL UK CD 3214 ;153487988;0;
997;CAUSEWAYSIDE GARAG CD 3214 ;-35526492;0;
998;BRITISH HEART FOUN HF60627548 ;-47610457;0;
999;TESCO STORES 3005 CD 3214 ;601128289;0;
1000;LNK TESCO CWAY EDI CD 3214 14AUG17 ;-27046341;0;
1001;FIDOR NANA;-19413361;0;
1002;TESCO DIRECT CD 3214 ;-15038993;0;
1003;ASDA SUPERSTORE CD 3214 ;257394248;0;
1004;TESCO STORES 5115 CD 3214 ;-16535463;0;
1005;ASDA PETROL/UPT 82 CD 3214 ;-93496721;0;
1006;THE BOATHOUSE CD 3214 ;-22203963;0;
1009;CO-OP GROUP FOOD CD 3214 ;146197872;0;
1010;USER2COMPUTERS CD 3214 ;212966596;0;
1011;HMRC PAYE;147571933;0;
1012;SAINSBURYS CD 3214 ;131458570;0;
1013;THE GLENCOE GATHER CD 3214 ;187892556;0;
1014;NANA FIDOR;166783169;0;
1015;HARRY RAMSDENS LTD CD 3214 ;160309908;0;
1016;REVOLUT*5158* CD 3214 ;135185571;0;
1017;TESCO STORES 6293 CD 3214 ;137941866;0;
1018;TESCO STORES 6193 CD 3214 ;125033595;0;
1019;INDEXMED CD 3214 ;-87724729;0;
1020;OLD BLACKFRIARS CD 3214 ;-10384405;0;
1021;NCP LIMITED CD 3214 ;-29290678;0;
1;δεη;090000045;1;
7;δευαη;090030037;1;
8;οτε;094019245;1;
68;cosmote;094493766;1;
76;forthnet;094444827;1;
77;vodafone;094349850;1;
188;skype;skype;1;
190;orange uk;771592016;1;
224;cpplus;884252504;1;
230;cyta;998646157;1;
469;Virgin media;virginmed;1;
483;scottish gas;-19478228;1;
535;giffgaff telecom;-14132405;1;
788;GIFFGAFF.COM CD 3510 ;-86078539;1;
838;GIFFGAFF.COM;-14835252;1;
839;JOHN ANDREW SUGDEN;-35150095;1;
840;VIRGIN MEDIA PYMTS;-19462499;1;
841;EDINBURGH COUNCIL;-14371270;1;
842;International Debit Card Purchase Fee;-15652626;1;
843;International Debit Card Transaction Fee;-10259666;1;
844;GOOGLE *Google Sto;-95872306;1;
845;SCGAS-ENERGY;135620670;1;
846;BONDSAVE CLIENT 2;-63535245;1;
847;WWW.HETZNER.DE;307734702;1;
848;INTERNET SAVER;-10904502;1;
849;NCR FINANCIAL SOLU;919643007;1;
850;LNK CAUSEWAYSIDE CD 7919 07JUL16 ;996862820;1;
851;PAYPAL *GOLDENSTAT CD 7919 ;-61677545;1;
852;LOTHIAN BUSES CD 7919 ;178909895;1;
853;AMAZON UK RETAIL A CD 7919 ;-59440585;1;
854;LNK TESCO CWAY EDI CD 7919 29JUN16 ;620168375;1;
855;WWW.EIF.CO.UK CD 7919 ;-17893679;1;
856;E GEORGATOS TSIGARA KATRINAS            26JUN16 ;-30046327;1;
938;ΠΟΛΎΠΡΙΖΟ ΜΕ ΠΡΟΣΤΑΣΙΑ;111201134;1;
939;DCT-ΕΝΤΟΛΗ 216963DCTVRT;120729553;1;
971;REVOLUT*7339* CD 7919 ;199768572;1;
972;GEORGATOS VAGGELIS STEAK NICK 12MAR17 ;-25993272;1;
23;office depot;075142499;2;
37;αγριμακη βασιλικη-βιβλιοπωλειο;103660975;2;
60;παπασωτηρίου βιβλιοπωλείο;094397477;2;
116;amazon;-11154673;2;
158;δονταδάκης αντώνιος-βιβλιοπωλείο;013750008;2;
215;lovebagsuk;lovebagsu;2;
236;κύβος βιβλιοπωλείο;015947962;2;
256;czxwyst ebay seller;czxwyst;2;
257;pilotfish pens;822108467;2;
259;davecowling ebay seller;davecowl;2;
260;griffisp-ebay-seller;griffisp;2;
261;crissa1982-ebay-seller;crissa;2;
262;tinxi-style-ebay-seller;tinxi;2;
263;keech hospice charity-ebay seller;keech;2;
264;onibury-ebay-seller;onibury;2;
265;stoneybrokey-ebay-seller;stoneybro;2;
266;soisjack-ebay seller;soisjack;2;
269;racingshandy-ebay-seller;racingsha;2;
274;currycurrys-ebay seller;curry;2;
275;inshaallah-ebay-seller;inshaalla;2;
279;ssquare_boutique ebay seller;ssquarebo;2;
292;jojoandyou ebay seller;jojoandyo;2;
295;νάθενας-αγγέλου οε βιβλιοπωλείο ελευθερουδάκη;998637310;2;
310;fountain pen revolution;fpr;2;
328;luo-chun ebay seller;luo-chun;2;
351;αρχέτυπο-βιβλιοπωλείο μπαχλιτζανάκη μαρία;037903050;2;
353;Anderson pens;anders;2;
404;the fair trade ebay seller;thefairtr;2;
406;sundaystreets ebay seller;sundayst;2;
436;auction warmth ebay seller;auctwar;2;
544;kpsales13 ebay seller;kpsales13;2;
551;cred-deal ebay seller;cred-deal;2;
568;stationery newington edinburgh;statnewin;2;
587;jiyalinks ebay seller stationary;jiyalinks;2;
716;ryman stationery edinburgh;rymanstat;2;
827;C&C Publications επε;462694001;2;
835;public.gr;144687169;2;
10;dia;998163111;4;
11;lidl;093683423;4;
14;carfourre;999842977;4;
15;ελευθεριαδη βιβλιοπωλειο;044807390;4;
26;makro;094241249;4;
28;τσαπακης παντοπωλειο;072683692;4;
45;αποστολακη ελεονωρα-παντοπωλειο;040482955;4;
48;alex pak;094231385;4;
56;εμμ ξυλουρης οε-τυροκομικα;998294018;4;
82;μπουλουκος super market μπουλουκακης ιωαννης αεε;999361358;4;
103;ψυλλακη αθηνα, κυλικειο βενιζέλειο;047643900;4;
106;praktiker;094317955;4;
111;χαλκιαδάκης σουπερμάρκετ;094113461;4;
118;π.γ καγιάμης & σια ο.ε;081583144;4;
122;κουτουλακης εμμανουηλ-σουπερμαρκετ-αρχανες;110709950;4;
125;συγλέτος εμμ & ειρήνη σουπερμαρκετ;082410311;4;
136;νικηφόρος μιχαήλ-ψιλικά;037789690;4;
151;αριάδνη σουπερ μαρκετ;998865815;4;
153;απλαδά αριστέα σουπερ μάρκετ;047622387;4;
157;α.αναγνώστου και σια ε.ε σουπερμάρκετ;093544724;4;
167;τραντας περίπτερο;103819640;4;
168;περίπτερο τσαλίχης κωνσταντίνος;125587385;4;
178;μινι μάρκετ-κουτσουνάρι;045249175;4;
194;καστελάκη-εμπόριο τροφίμων;076662257;4;
195;πετράκης μίνι μάρκετ;103506751;4;
196;νικολαιδης λουκας-περιπτερο αεροδρομιο;032990140;4;
198;whsmith retail (gatwick airport);238554836;4;
200;waitrose supermarket (warwick);685417211;4;
206;sainburys;660454836;4;
208;millies cookies-marks & spencer;884257978;4;
211;morrisons supermarket;343475355;4;
213;α/β βασιλόπουλος;094025817;4;
226;εας ηρακλείου σουπερμάρκετ;096000197;4;
277;καστελιανός εμμανουήλ εμπόριο τροφίμων-λαχανικών;07662257;4;
339;κεφαλογιάννης εμμανουήλ ψιλικατζίδικο;047623220;4;
365;φανουρακη πελαγια μινι μαρκετ;φανπελ;4;
385;carrefour-oostende;448826918;4;
411;ε.συμμετοχ.ων & εμ. τροφίμων μ επε & σια (αβ μασταμπά);999304087;4;
415;tesco uk;tesco uk;4;
460;lidl nicolson;lidlnic;4;
499;fit4retail ebay seller;fit4ret;4;
510;whsmith edinburgh airport;ediaiwh;4;
540;poundstretcher ltd ;482067833;4;
542;concept4u amazon seller;concept4u;4;
555;jalpurmillers ebay seller;jalpurmil;4;
586;starlight convenience chinese supermarket newintgon;chinsup;4;
647;lidl dalry edinburgh;lidldalry;4;
669;asda edinburgh;asdasuper;4;
705;butcherssundries_online ebay seller;butcherss;4;
713;chickoo76 ebay seller;chickoo76;4;
728;feelgood-sale ebay seller;feelgood-;4;
746;ινκα σουπερμαρκετ;096070396;4;
789;TESCO STORES 5115 CD 7919 ;-16496435;4;
790;SAINSBURYS S/MKTS CD 7919 ;-16449606;4;
794;LIDL UK CD 7919 ;153878266;4;
795;LNK TESCO CWAY EDI CD 7919 14MAR16 ;-11976568;4;
799;ASDA SUPERSTORE CD 7919 ;261297024;4;
803;TESCO STORES 5115 CD 2412 ;-16544103;4;
864;PAYPAL *YANG FAN CD 7919 ;-19818697;4;
865;LNK EDIN STH CLERK CD 7919 31JUL16 ;362096920;4;
866;RYANAIR     224000;464189990;4;
889;COTTERELL LIGHT CE CD 7919 ;111430434;4;
890;LNK EDIN UNIVERSIT CD 7919 02OCT16 ;149404116;4;
891;GOOGLE *Google Sto US           02.39 VISAXR     1.29189 CD 7919 ;-99364660;4;
907;GOOGLE *Google Sto US           02.39 VISAXR     1.2132 CD 7919 ;889592305;4;
908;TSB  CLERK STREET CD 7919 23OCT16 ;-84017612;4;
35;houseland-εργαλεια;047622431;6;
52;καλαιτζακη-κουρτινοξυλα;046118740;6;
91;κοτσιφος ιωαννης-καθρεπτες-κρυσταλλα;039826730;6;
97;σεβαστάκη ουρανία και σια ε.ε-σιδηρικά;093544005;6;
119;γιώργος κορναράκης-ραπτομηχανές;027177420;6;
126;cosmos center-κ. σκουτελης & σια ο.ε;998293741;6;
138;plus4u;998299315;6;
140;ikea;099757704;6;
154;thesporshq-skini-ebay;thesporsh;6;
176;κυπριωτάκη ειρήνη-mountain club;047214620;6;
180;qualitystuf-ac-adapter;qualityst;6;
218;μουρτζάκης γεώργιος σιδηρικά;039455439;6;
239;ασμαριακάνης ια & ικ ασμαριανάκης οε-υδραυλικά;998090650;6;
245;ρομπογιαννάκης και σια οε-ανταλλακτικά-υδραυλικά;997529072;6;
246;καλογεράκης-υδραυλικά;καλογερακ;6;
254;φράρος νεκτάριος-κλειδαρας;φραρνεκτα;6;
270;toolsaplenty-ebay-seller;toolsaple;6;
285;hotel plus στειακάκη μαρια & σια ε.ε ξενοδοχειακός εξοπλισμός;998189452;6;
316;κορνάρος tools;103655756;6;
335;α & ν καραντεμοίρη οε;082045757;6;
350;Xett Multimedia Ltd;xettmulti;6;
357;παντελακης εμμανουήλ- ηλιακά volcano;043887847;6;
358;γυπαράκης παντελής-υδραυλικά;019871677;6;
359;μ συγλέτος κ σια οε αξεσουάρ κουζίνας-εργαλεία;099708469;6;
403;target αλέκος παπαδάκης & υιός αε εξοπλισμός ξενοδοχείων;093070692;6;
430;σιγανός-καθρέπτες 62 μαρτύρων;σιγανός;6;
432;silk colour ;094236805;6;
435;finetsa bagnio πολυτίμη δρακάκη;095707629;6;
444;Σαρρής Δημήτρης-ξυλουργός;δημσαρ;6;
445;Θεοδοσάκης Γιώργος-υδραυλικός;θεογ;6;
447;Water purity Κουτάντος Μιχάλης;059288845;6;
467;ikea edimburgh;ikeaedi;6;
492;so-supplies ebay seller;so-suppli;6;
511;ηλεκτροσυνεταιρική αεβε-ολυμπιονικών δειλινά;094209526;6;
512;αποστολάκης γιώργος-γυψοσανίδες;γυψσαν;6;
514;Κωστάκης Κωνσταντίνος-βαφές επίπλων;κωσκων;6;
516;John Andrew Sudgen- Stair cleaning;198837234;6;
518;go green uk, ebay seller;gogreen;6;
519;mastronics ebay seller;mastroni;6;
520;imobiletech ebay seller;imobilete;6;
521;shopgb ebay seller;shopgb;6;
522;goodswagon ebay seller;goodswa;6;
529;stcstoresuk - ebay seller - home equipment;stcstores;6;
541;365-online ebay seller;365-onli;6;
589;home base edinburgh;145899025;6;
601;somersetcommercials ebay seller;somersetc;6;
607;the bargain garage ebay seller;barggarag;6;
613;autopoweronline ebay seller;autopoweb;6;
615;tooltime-uk-ltd ebay seller;tooltime;6;
617;bro_tools_direct ebay seller;brotoold;6;
626;thornit ltd ebay seller;thornitlt;6;
635;motorseamus ebay seller;motorseam;6;
642;household discounts ebay seller;household;6;
681;massiveattack007 ebay seller;massiveat;6;
708; yearsleynick@yahoo.com ebay seller; yearsley;6;
711;great big bargains ebay seller;greatbigb;6;
726;gudz-2go ebay seller;gudz-2goe;6;
771;hobby craft uk;-20856670;6;
776;ARGOS EDINBURGH GB;192581101;6;
778;PayPal *BEAD HUΤ;-39381965;6;
780;PAYPAL *BEAD HUT 07860888634 LU;67073909;6;
781;PAYPAL *BAZ7795 CD 7919;688006755;6;
782;PAYPAL *SARDARSONS CD 7919;-66236375;6;
783;AMAZON UK MARKETPLACE 800-279-6620 LU;-12867300;6;
834;υδροδυναμική σαριδάκης;186007665;6;
929;τάσος ταμπακάκης βιοτεχνία στρωμάτων;-17809823;6;
985;9869 ,ΑΤΜ ΠΑΓΚΡΗΤΙΑΣ ΤΡΑΠΕΖΑΣ;-17013373;6;
12;ξενακης νικολαος;029073976;7;
16;κουμουλας αε βενζιναδικο;999678050;7;
18;wash experts;998090095;7;
22;θεοδωρογιαννακης χαρ. βενζιναδικο;123177456;7;
24;βενζινάδικο μασαούτης;066382473;7;
32;πνευματικάκης ελαστικά;043886501;7;
34;motoraid;079173234;7;
38;σκουλας-πλυντηριο-αυτοκινητων;043895245;7;
40;παρασχος ιωαννης-ελαστικα;019542808;7;
62;μαρνελος-μοτο μοτο;038267535;7;
78;κορνηλάκης ιωάνης-αξεσουάρ μηχανών;059492948;7;
79;colori posto-ένδυση μηχανών;054312037;7;
83;διαμαντάκης ευτυχιος-βενζιναδικο;023640743;7;
84;μακρυδακης εμμανουηλ-βενζιναδικο;052328525;7;
107;ερμης αεμεε-βενζινάδικο;094025320;7;
162;πρατηριο-ρωμανια αικατερινη;041302497;7;
166;shell - μυρτέα αε εταιρία εμπορίας καυσίμων;094475066;7;
205;southbound forecourt services westmorland ltd;859709174;7;
207;shell uk ltd;235763255;7;
304;γελασάκης ναυτ. πρακτ. μον. επε-πρατήριο καυσίμων;997570818;7;
322;uk_bulb_co-car-accessories-ebay-seller;uk_bulb;7;
356;νεονάκης ιωαν. αντώνιος πρατήριο;131484689;7;
376;βενζικαδικο εξωτερικού;βενζινεξ;7;
427;στοραίτη φωτεινή βενζινάδικο ιωνίας;044734515;7;
614;mrh retail ratclife gas station edinburgh;mrhret;7;
624;blahblah ebay seller;blahblah;7;
625;parts-department ebay seller;parts-dep;7;
634;γιαννακακης θεοδοσιος πρατηριο υγρων καυσιμων τυμπακι;104922977;7;
737;πρεκατσουνακης ευαγγελος πρατηριο αγιοι δεκα;044898374;7;
932;ΕΞΤΡΑ ΠΕΤΡΕΛΑΙΟ;972612522;7;
933;XAΛKIAΔAKHΣ AE;-20789072;7;
934;5582 ,ΑΤΜ ΠΑΓΚΡΗΤΙΑΣ ΤΡΑΠΕΖΑΣ;-20034451;7;
935;DIA-KRHTIKES.GR;190022406;7;
43;παπαδουλακης-slipper;033501622;8;
49;χαρωνιτης-αθλητικα;044807106;8;
61;μαματζακης-ενδυματα;011344453;8;
64;χατζηδακης εσωρουχα;999678835;8;
164;peackocks;999992899;8;
212;west trends ltd tia rawhide, oxford plaza;westrents;8;
249;δορκάς δερμάτινα;082979984;8;
250;super τακούνι γρηγόρης-τσαγκάρης στη στοά;998784019;8;
343;la pupa επε;997856661;8;
348;fc-moto.de;188439057;8;
370;louis.de;louis;8;
371;ομηρόλης παιδικά;081544419;8;
461;primark;primark;8;
599;bydand200 ebay seller;bydand200;8;
612;lidbox ebay seller;lidboxeba;8;
623;shop_with_ebuy-gb ebay seller;shop_with;8;
42;αφοι βαβουρακη-ηλεκαλ;094273874;9;
54;ηλεκτροσυνεταιρικη-κοκκινακης;099283198;9;
55;αστικη εταιρια ηλεκτρολογων εγκαταστατων;097544205;9;
57;καρβελας ηλεκτρικά;094273991;9;
96;ν. πανταλος-μ.ζαχαρακη ο.ε-ηλεκτρολογικό υλικό;998783453;9;
425;shop on τζεβελεκιδης αε;094514940;9;
688;kadcooutletuk ebay seller;kadcooutl;9;
13;tigiris travel;045550890;10;
502;thetrainline.com;thetrainl;10;
525;bcd travel ;bcdtravel;10;
661;highland experience tours;highlande;10;
735;viva.gr;viva.gr;10;
872;fibco buses;-16179426;10;
983;ANIMAL COURIERS LT 600000000274448749 18MAY17 06:26 ;-57237842;10;
17;afisorama;036746575;11;
19;οπτικά σηφάκης;046765849;12;
41;αλεξακης χαραλαμπος-φωτογραφικα ειδη-ασημικά-ρολόγια;038464868;12;
399;giuwensiyu ebay seller;giuwensi;12;
400;fanteesuk ebay seller;fanteesuk;12;
21;casa donato;099926946;13;
25;savodor-σαβοιδακης;094103295;13;
27;σκουλουδης σνακ μπαρ;044810983;13;
29;οβελιξ μικρογευματα;151269053;13;
33;grand πιτσαρία;998864289;13;
39;ταμιωλακης εμ. & σια ε.ε-εστιατοριο;093424505;13;
44;κοκκινος-εστιατοριο;038911682;13;
58;ντοναλντ-πιτσαρία;082170323;13;
63;everest;998188904;13;
87;creperie haris;998784892;13;
88;εστιατοριο αθηνα;041840750;13;
94;κουτεντακη-βαρδακη-φουρνος;043885934;13;
99;λύρα-ζαχαροπλαστείο-κλάδος;082006640;13;
110;μιχελάκης κων/νος-ζαχαροπλαστείο μελύριτον;044102303;13;
113;γιανναρης-σουβλατζιδικο;110103699;13;
143;κολομβου μονοπροσωπη επε-αναψυκτηριο;099378473;13;
146;αικατερινη νικα-καφενειο;035259740;13;
147;ισηγονης γεωργιος καφε εστιατοριο;014274507;13;
148;αφοι γλεντζακη επε everest;999962477;13;
150;σερραικον μπουγατσα-πιτσα;042376865;13;
155;κοτονέον;047217161;13;
179;αναψυκτήριο-μπορμπουδάκη χριστ;041978958;13;
187;asian food α.ε (noodle bar);997791523;13;
193;la notte πιτσαρία-βολωνάκης χαράλαμπος;999676934;13;
199;Garfunkels (Gatwick);garfunkel;13;
216;σιγά σιγά;sigasiga;13;
229;μπορμπαντωνάκη καλλιόπη- η κουζίνα της πόπης;036281073;13;
232;κούλα-ταβέρνα-ηράκλειο;κουλαταβε;13;
282;τζαγκαράκης-εστιατόριο-γενί-γκαβέ;τζαγκαρακ;13;
283;yankees εστιατόριο;997528444;13;
284;50-50 εστιατόριο;50-50;13;
290;καρνάγιο-λημναίος-εμμανουήλ;καρνάγιο;13;
293;δείπνος στην αγορά-εστιατόριο;998190198;13;
305;καντίνα μαράθι;καντ-μαρ;13;
312;κουτσάκης ηρακλής-ψησταριά;059131381;13;
326;can-tina κωνσταντινομανωλάκη σταματίνα;044807536;13;
352;wasabi-στειακάκης σ-leyng kin peter οε κινέζικο εστιατόριο;99751568;13;
361;latte καφετέρια/τοστάδικο γιώργος πάσσος;039286480;13;
362;απλα σπιτικό-μποτσάκης χαράλαμπος & σια εε;997581570;13;
374;ακρογυαλί-παντεχάκης νίκος-ταβέρνα;νικπανταβ;13;
379;dolies restaurant;dolies;13;
383;harvest special chinese hague;harvestre;13;
386;du progres gent restaurant;843625133;13;
390;brasserie μάλια;brasser;13;
393;το λυβικο-ψαρακης μιχαλης-οβελιστηριο-τσουτσουρας;119659215;13;
416;subway sandwiches & salads hatfield bus park;886372380;13;
417;Olympic catering sa;098007620;13;
418;giraffe stop kings cross st. london;220430231;13;
451;goodies;goodies;13;
466;grange road takeaway;grange-tk;13;
474;Zicos Brazilian Churrasco Edinburgh;zicobraz;13;
477;prezzo pitsaria edinburgh;prezzopit;13;
496;subway lothian;sublothia;13;
497;millers sandwich bar - hope park terrace;millersba;13;
509;mosque kitchen;mosqki;13;
515;παραλία ψαροταβέρνα;παραλια;13;
538;sodaeng korean edinburgh;sodaeng;13;
545;hot doc shop preston;eeGhu9ai;13;
547;cosmo asian restaurant edinburgh;cosmoasia;13;
548;yes sushi chinese restaurant hannover st. edinburgh;yeshushi;13;
556;jimmy chung chinese buffet edinburgh;jimmychun;13;
562;dehesa santa maria barcelona airport kiosk;dehesasan;13;
573;beijing banquet chinese restaurant edinburgh;beijingba;13;
578;τα αδέρφια, σουβλατζίδικο λ 62 μαρτύρων;062722849;13;
580;βενέρης φούρνος;094313502;13;
594;ola kala edinburgh;190740115;13;
596;chateau_de_med ebay seller;chateau_;13;
602;wee greek kitchen;weegreek;13;
603;gourmet burger kitchen edinburgh;gbkitchen;13;
616;oink edinburgh;oinkedinb;13;
621;saigon saigon edinburgh;saigoned;13;
630;Mr Nicks kitchen;mrnick;13;
631;eat the real food company edinburgh;863518996;13;
653;hanams 3 johnston terrace edinburgh;hanams;13;
666;class house restaurant aberfoyle;classhous;13;
668;the espy restaurant portobello;935338118;13;
675;well hung burger;wellhung;13;
678;apiary restaurant;apiaryre;13;
684;sausages edinburgh festival;edisausag;13;
686;alandas seafood grill;alandasea;13;
696;salisbury arms pub edinbrugh;salisarms;13;
699;tailend  restaurant st andrews;985088959;13;
700;mother india restaurant glasgow;motherind;13;
702;Outsider restaurant edinbrugh;Outsiderr;13;
717;khushis indian restaurant edinburgh;khushisin;13;
720;kebab mahal edinburgh;kebabmaha;13;
731;steak & gourmet angus edinburgh;steakgour;13;
732;black fox pub;120788025;13;
733;frankie & bennys restaurant pub omni center edinburgh;frankiebe;13;
738;τσικριτσης, τσικριτσακης νικητας ψησταρια μοιρες;044899807;13;
740;λάδι και ρίγανη χανιά;λάδικαιρί;13;
743;πιτα οβελιξ σταματακης γιώργος;065195307;13;
747;ταζεδικο εστιατοριο μιλατου;ταζεδικο;13;
793;MOTHER INDIA CAFE CD 7919 ;180006894;13;
836;Πατρελαντώνης Μαράθι;204171309;13;
982;HISTORIC SCOTLAND 403567 ;306507778;13;
30;καθαριστηριο ηλιος;110727107;14;
313;κυπραίος γεώργιος-τακούνι σούπερ;046758999;14;
31;παπαδακη οικ. υλικα;041286388;15;
36;σταματακη αικ. οικοδομικα υλικα;103813092;15;
132;ψιμοπουλάκης δημήτρης-τζάκια;045643707;15;
861;χατζηκωσταντίνου ιορδάνης;-36713713;15;
74;χατζημιχαήλ ανδρέας- ενοίκιο;020083930;16;
325;εθνική τράπεζα ελλάδος α.ε;094014201;16;
341;Alpha bank;094014249;16;
428;πειραιώς τράπεζα;094014298;16;
463;steyn lettings;steynlett;16;
493;braemore real estate;177891053;16;
608;Bank of Scotland;bos;16;
667;cashplus prepaid cards;cashplus;16;
748;tsb uk bank;tsb;16;
753;Pancretabank Internal;124555202;16;
754;Pancretabank Χρέωση Εξόδων Συνδρομής (415511*3008);4283955;16;
757;Bank of Scotland NON-STG PURCH FEE CD 3510 ;117610291;16;
758;Bank of Scotland NON-STG TRANS FEE          2.75% CD 3510 ;652251145;16;
773;Bank of scotland internal INTEREST (NET) ;157030345;16;
774;TSB internal NON-STG PURCH FEE CD 7919 ;117991644;16;
775;TSB Internal NON-STG TRANS FEE          2.99% CD 7919 ;-19786080;16;
784;Bank of Scotland internal NON-STG TRANS FEE 2.75% CD 3510 ;-56778457;16;
800;INTEREST (GROSS);124626168;16;
801;LNK CAUSEWAYSIDE CD 7919 27MAR16 ;255111973;16;
810;Bank of Scotland NON-STG PURCH FEE CD 2412 ;117514966;16;
811;Bank of Scotland NON-STG TRANS FEE          2.99% CD 2412 ;-19833748;16;
973;fidor de;-95451021;16;
974;fidor uk;-95450967;16;
978;LNK TESCO CWAY EDI CD 7919 11APR17 ;105102415;16;
979;PLATINUM MASTERCAR;-92512227;16;
46;μανασακης δημητρης-συνεργειο;038912172;17;
53;νιβαλ suzuki;094274232;17;
72;yamaha σπυριδάκης;082461347;17;
80;suzuki-σταρένιος ;084279268;17;
81;λεγγέτσης αποστόλης-φανοποιός;045846154;17;
105;moto gp-γιαννης ψυχογιος;079876702;17;
112;αυγουστάκης ελευθέριος συνεργείο;059995785;17;
225;κτεο βιστάκης επε;999485761;17;
227;αφοί παπαδάκη οε-ανταλλακτικά μοτοσυκλετών;082711943;17;
280;ι. καραλης & σια οε-ανταλακτικά αυτοκινήτου;081888382;17;
281;τζωρτζάκης ανδρέας-συνεργείο αυτοκινήτου;059170310;17;
333;yellow13bik ebay seller;yellow13;17;
340;Trojak Zoltan bike parts;zolimotor;17;
344;λιανακης-κουβαρας μοτο- συνεργείο;079617962;17;
364;κτεο γιαννακακη;999744960;17;
389;μπαρκάτσας μανώλης-βουλκανιζατέρ;132303402;17;
424;τσουρουνακης γ εμμανουηλ εμπορια μπαταριων;137243346;17;
598;timpson ltd 78 nicolson st edinburgh;217915261;17;
654;scb motorcycles edinburgh;scbmotor;17;
71;commercial value ασφαλιστική;094059010;18;
73;vester ασφαλιστική πρακτόρευση;998770482;18;
75;mondial assistance οδική βοήθεια;098118029;18;
89;συνεταιριστική ασφαλιστική αεεγα;094065956;18;
117;μινεττα ασφαλιστική;094040925;18;
321;ταυτεκω;ταυτεκω;18;
526;Παπαδόπουλος Νίκος;npapad;18;
50;δηπεθε ηρακλείου;094114851;19;
51;πλαισιο;094222211;19;
65;σωμαράκης ιωάννης-θέατρο των αγρών;079189430;19;
66;τεχνοπολις;999981756;19;
67;δηπεθε ρούμελης;090061235;19;
90;νιττο επε-θεατρο coronet;095642080;19;
93;envy-cafe-bar;998637578;19;
98;νεραντζουλης γεωργιος-καφετερια;034379136;19;
104;μαρκογιαννακης εμμ-κρεπερι;074762838;19;
123;καβουσανός δημ & κων ο.ε-καφε άμμος;999071828;19;
124;θεατρική ομάδα οικ. επιμελ. αν. κρήτης;οεετακ-θ;19;
127;ουτοπία δ. τζανάκης & σια ο.ε;082283077;19;
142;village cinemas;094504693;19;
163;yacht-cafe;999270866;19;
171;cafe-heaven κοντογιάννη γεωργία;103822784;19;
173;creta cinemas-odeon talos;998643653;19;
181;5η εποχή τέχνης-θίασος;997956856;19;
184;φεκ;φεκ;19;
191;news cafe;998635179;19;
197;historic scotland (urquhart castle);historic;19;
202;loch ness exhibition;lochnesex;19;
204;the loch ness centre drumnadrocht;297420731;19;
219;costa cafe gatwick;243292864;19;
238;draft -καφετέρια;draft;19;
248;βιτσέντζος κορνάρος σινεμα;097543896;19;
251;επι χάνδακος - καφετέρια;επιχανδα;19;
267;Θέατρο της Σητείας;θεατρ-σητ;19;
271;sugar-cafe μανώλης κουρτάκης;sugar;19;
272;γρανάζι-μπαρ ιωακειμίσης χρήστος;127273004;19;
273;παγοποιείο-καφε-μπαρ;παγοπ;19;
286;ευκάλυπτος καφετέρια;ευκαλυπ;19;
289;το ρολόι καφέ μπαρ λιονταρια;998294252;19;
299;almyra-κ.καραντινός μ. μυλωνάκης οε εστιατόριο καφέ μπαρ;997855154;19;
300;live2-επε-υπηρεσίες δημοσίων θεαμάτων;800335060;19;
302;σινεμά ο παράδεισος- αρχάνες;σινεμαπαρ;19;
307;σπύρος παπαδόπουλος & σια οε-περιοδεύων θίασος;998765910;19;
308;il baretto μυκωνιάτηδ.-μακράκη σ οε;997579087;19;
314;ηνίοχος αρχάνες;ηνίοχος;19;
319;rontos-cafe;rontos;19;
323;μήλο της έριδος καφετέρια-μπαρ;μήλο;19;
329;αρόδαμος ταβέρνα αρχάνες;αρόδαμος;19;
355;greenday s α. καμπουράκη κ σια οε;081016395;19;
369;μπρίκι καφέ μπαρ;038758938;19;
392;entelvais καφετέρια καινουργιακης τσουτσουρος;103501116;19;
452;largo cafe-λιοντάτια ηράκλειο;800493191;19;
456;flo cafe - ιδαίον άνδρον αε;998637505;19;
468;edinbrugh science festival;ediscifes;19;
473;grange pub- grange road;grangepub;19;
475;starbucks middle meadow walk edinburgh;starmedow;19;
476;doctor pub edinburgh;docpub;19;
478;national museum of scotland;nmscot;19;
479;beanscene clerk str;beansc;19;
486;pear tree pub;peartree;19;
487;Black Medecine coffee-Nicolson Street;blackmed;19;
488;edinburgh street artist;edstrart;19;
489;peters yard quartermile;petyard;19;
490;edinburgh international film festival;eiff;19;
494;summerhall pub;summerhal;19;
495;fountain park cinemas;606197048;19;
503;starbucks princes str;starbucks;19;
504;boteco do brasil;boteco;19;
506;brell pub glasgow;brellgla;19;
507;1st chocolate factory st. georges glasgow;chocolfa;19;
508;cineworld Edinburgh, Fountain Park,130/3 Dundee Street;cineworld;19;
513;πλωτό καφετέρια;997581243;19;
517;edinburgh international festival;eif;19;
527;southern pub;southern;19;
528;joly judge pub;jolyjudge;19;
533;victor hugo cafe delicatessen;victorhug;19;
534;beehive grassmarket edinburgh;beehive;19;
546;henrys cellar bar;henrcel;19;
549;56 north bar;56north;19;
557;starbucks the cube edinburgh;starthecu;19;
563;panos cafe brussels airport;panoscafe;19;
564;clerks bar edinburgh;clerksbar;19;
566;christmas village edinburgh;edichrist;19;
567;malones irish pub edinburgh;malones;19;
569;brew lab edinburgh;brewlabed;19;
571;pattiserie valerie-edinburgh;valeriepa;19;
574;nero cafe edinburgh airport;nerocafe;19;
577;δίχαλο ταβέρνα αγριανά;δίχαλοταβ;19;
590;costa cafe edinburgh;cocafed;19;
591;spoon cafe bistro edinburgh;sponed;19;
595;starbucks haymarket edinburgh;starhay;19;
611;starbucks georges and hannover street;starbgeor;19;
618;rosslyn chapel;rosscha;19;
622;angel cafe nicolson edinburgh;angelcafe;19;
629;seaworld deep sea leisure;edseawor;19;
636;teviot place;teviotpl;19;
638;olly bongo edinburgh;ollybongo;19;
639;sandy bell edinburgh;sandybell;19;
640;artisan coffee edinburgh;artisanco;19;
645;chocolate tree edinburgh, 123 Bruntsfield Place;choctree;19;
660;deacon house cafe edinburgh;deaconh;19;
664;glengoyne distillery ;glengoyne;19;
665;stirling castle;stirlingc;19;
674;scotland air show;scotairsh;19;
680;elephant house cafe edinburgh;elephouse;19;
682;tonegarden summerhall studio;tonegarde;19;
685;rock bar king georges st edinburgh;rockbedin;19;
687;fringe festival;fringefes;19;
692;edinburgh photography meetup;photomeet;19;
693;caffeine drip edingurgh;204334060;19;
694;auld hoose pub edinburgh;auldhoose;19;
703;fort community centre;fortcommu;19;
704;portrait gallery restaurant edinburgh;portraitg;19;
707;starbucks leith st. edinburgh;leithstar;19;
710;cairngorns cafe edinburgh;cairngorn;19;
714;starshopfun ebay seller;starshopf;19;
715;surgeons museum edinburgh;surgeonsm;19;
718;rose brewery edinburgh;rosebrewe;19;
729;jenners shopping center;259976879;19;
734;firth of forth cafe edinburgh;firthoffo;19;
739;μπισκοτο καφε ηρακλειο;99809054;19;
742;παπαδάκης εμμ καφετέρια καντανολέωντος & καλλεργών γωνία;034492016;19;
749;vue cinema edinburgh;edvuecine;19;
755;cafe modern 2 edinburgh;cafemod2;19;
761;Kings Theater Edinburgh;Kingsthea;19;
764;jazz bar edinburgh;jazzbared;19;
770;cukoo nest pub edinburgh;-13375056;19;
777;ballroom sports pub morningside;862918493;19;
779;BIBLOS EDINBURGH LTD EDINBURGH GB;138734482;19;
791;PAYPAL *BEAD HUT CD 7919 ;102743309;19;
792;WWW.SCIENCEFESTIVA CD 7919 ;331073648;19;
828;heaven beach bar heraklion;151318868;19;
69;βαλαβανη δημητρα-οδοντιατρος;043094386;20;
108;μαρκακη-ευθαλία-φαρμακείο;055494096;20;
220;χρυσουλάκη ελένη-μικροβιολόγος;078240591;20;
221;αταλάντη βασιλάκη-χειρουργος οδοντίατρος;047830127;20;
222;τσιάμπας νικόλαος-ειδικός παθολόγος;106191336;20;
223;φουντουλάκης εμμανουήλ-ωρλ;039286234;20;
233;chenyayun ebay seller;chenyayun;20;
242;αλίκη πριμικηρη-φαρμακείο;040481184;20;
243;διακάκη κοκκινάκη ευαγγελία συστεγασμένα φαρμακεία οε;998782468;20;
252;καρυωτάκη ελένη-φαρμακείο;045847532;20;
306;wfactory_ebay_seller;wfactory;20;
342;euromedica;094045865;20;
354;mngproducts-ebay seller;mngprod;20;
434;δρακάκη μαρία-φαρμακείο;116653045;20;
453;λαφνούν αλέξης-φαρμακείο;037782166;20;
454;δουλουφάκης δημ. φαρμακείο;997579131;20;
498;burntoakpharmacy ebay seller;burnto;20;
505;mwholesale ebay seller;mwholesa;20;
531;feidu_hu ebay seller;feidu_hu;20;
581;κοκολάκης γιώργος φαρμακείο;κοκγιωργ;20;
658;boots uk ltd;bootsltd;20;
709;healthcareshop ebay seller;healthcar;20;
727;frontline health care ebay seller;frontline;20;
70;musica μουσικά όργανα;035437258;21;
336;martycli ebay seller;martycli;21;
349;γ. γιακατός & σια εε;093121961;21;
95;καδιανακης δημητρης-κομμωτηριο;051091568;22;
301;barberblades2010-ebay-seller ξυριστικά;123741829;22;
85;παγκρήτια τράπεζα;096121548;23;
86;νελε-νομιμος εκπρ.;046595807;23;
240;Κουτσογιαννάκη Μαρία;koutsmari;23;
426;Παντεχάκης Θοδωρής;072238572;23;
440;Σκανδαλάκης Στέλιος;σκαστε;23;
470;NCR financial solutions;-15558378;23;
92;εαπ;090207683;24;
120;ζαχαροπλαστείο-καλοκύρης σταύρος;063924248;25;
131;haagen dazs ηρακλείου;998089766;25;
137;κρητικός φούρνος αεβε;082462123;25;
165;απλαδάς-ζαχαροπλαστείο;028112578;25;
182;πανάγος πουλακίδης επε-βιοτεχνία παγωτού;998217640;25;
183;κουκουβάγια-καφετέρια-ζαχαροπλαστείο;997678692;25;
244;elite ζαχαροπλαστείο;013587956;25;
294;ράπτη παρασκευή-παγωτό gelatto;114263350;25;
337;max perry γιάννη μαρινάκης & σια οε σοκολατοποιία;997744522;25;
338;υιοι ριτσατάκη οε αρτοποιείο ζαχαροπλαστείο;082982699;25;
373;λιοδάκης απόστολος-ζαχαροπλαστείο φούρνος;110112499;25;
380;agrea st-baafsplein;agrea;25;
381;take away charleroi;466645828;25;
384;groetenmarkt gent καφετέρια;groetenge;25;
387;Γ ιωαννίδης μ γεωργιάδου οε-κυλικείο αεροδρ. χανίων;999766085;25;
394;μελο-λουκουμάδες-βασιλάκης γ;99982609;25;
401;ανδρης αρτοποιείο;044735770;25;
405;πινακωτή αρτοποιείο;110712470;25;
407;σταματάκη αφοι οε φούρνος;999160468;25;
443;χωραίτης ταξιαρχης-ξηροι καρποι;043888788;25;
484;bona deli south clerk street;bonadeli;25;
554;chocolatte clerks st edinburgh;chocolatt;25;
570;bibis edinburgh;bibisedi;25;
572;marys milk bar grassmarket edinburgh;milkbared;25;
582;τερπενλης φούρνος/ζαχαροπλαστείο αεροδρόμιο αθήνα;800441864;25;
679;the edinburgh bakehouse;neweinbak;25;
695;npcc-health ebay seller;npcc-heal;25;
698;luvians ice cream parlor st andrews;luviansic;25;
766;affogato gellaterie edinburgh;868222867;25;
121;ελτα;094026421;26;
382;liefkenshoek tunnel διόδια βέλγιο;431234779;26;
413;arriva bus uk;844800441;26;
414;uno bus uk;170725576;26;
419;national rail uk;natrail;26;
420;london underground;ldundrg;26;
439;dhl;094450902;26;
480;grange post office;grangpo;26;
592;postoffice ltd uk;postoffic;26;
610;manchester removals;mancrem;26;
690;pitney bowes transport;pitbowes;26;
937;ΑΝΕΚ;28117457;26;
139;minoan lines;094049145;27;
144;οασα;oasa;27;
149;superfast ferries (attica ferries m.c);998047751;27;
169;easyjet;easyjet;27;
170;europcar;eurocar;27;
363;ryanair;ryanair;27;
367;Sixt Car Rental;000433003;27;
375;παρκιν εξωτερικού;παρκινεξ;27;
377;κτελ χανιων-ρεθυμνου;096149545;27;
378;αστικό ηρακλείου;αστηρακ;27;
397;κτελ ηρακλείου-λασιθίου;090034097;27;
423;first capital connect;firstcap;27;
455;aegean airlines;094468339;27;
457;lothian buses;lothianb;27;
458;airlink coaches;airlink;27;
459;national express coaches;487038714;27;
532;lufthansa ;lufthansa;27;
558;taxi barcelona;taxibar;27;
559;bus barcelona;busbarcel;27;
593;μινωταυρος μεταφορική αθήνα;μινμετα;27;
609;uship transportation site;uship;27;
644;flybe airplane company;flybe;27;
652;city car club uk;110794462;27;
659;tfl (tranportation for london);tfltrans;27;
697;stagecoach bus company;stagecoac;27;
701;first city buses glasgow;firstcity;27;
787;EASYJET     EQBX4T CD 3510 ;-18628516;27;
141;ξενοδοχείο stanley;094013290;28;
177;κάμπινγκ κουτσουνάρι-μαρία χριστάκη;042008177;28;
201;cresent hotel reading;crescent;28;
402;αμαρι αε;αμαριαε;28;
412;luton easy hotel;ltneasyho;28;
462;aonach mor guest house;aonachmo;28;
524;daily deals ltd ebay seller;dailydeal;28;
530;cyfentech ebay seller; cyfente;28;
560;tryp condal mar barcelona spain;trypcond;28;
643;danubius hotel regents park london;077227722;28;
725;IBIS London City Hotel;IBISLondo;28;
156;υπουργείο οικονομικών;υπ.οικον;29;
471;Edinburgh city council;-33018141;29;
597;Home Office UK;homeoffi;29;
673;dvla;dvla;29;
723;HMRC;hmrc;29;
741;λιμενικό ταμείο χανίων;090016473;29;
185;γάμοι;γάμοι;30;
186;βαφτίσεις;βαφτίσεις;30;
241;Βαφτηστίρι;βαφτ;30;
258;τραπεζια;τραπεζια;30;
298;ερανοι-ρεφενέδες;ερανοι;30;
396;κηδίες;κηδίες;30;
192;χρυσοχοείο αλεξάκης γεώργιος;013612644;31;
398;pio mar ebay seller;pio-mar;31;
662;desirecosmetics ebay seller;desirecos;31;
214;σεπασυτ;sepasyt;32;
320;οτοε;οτοε;32;
330;αθλητικός όμιλος ροδιάς;αρλομροοδ;32;
231;Αποστολάκης Mύρων;066319251;35;
235;Αποστολάκης Χαράλαμπος;015111741;36;
255;Αποστολάκης Γεώργιος;apostgeo;36;
278;Μαραβελάκης Μανώλης;μανμαραβε;36;
315;Σταματάκη Σταυρωτή;σταμσταυ;36;
345;Φανουράκης Νίκος;νικφαν;36;
433;Μαραγκάκη Αγγελική;angmar;36;
683;Justin Mc Cartney;justinmc;36;
744;νέα δημοκρατία;νεαδημοκρ;36;
750;Παπαδάκης Μιχάλης;papadakis;36;
796;GEORGATOS VAGGELIS NMS TICKETS NICK            12MAR16 ;-14529525;36;
888;atm;96922;36;
940;Νανα Σπενσερ;-30420535;36;
976;SARIDAKIS K & E TSIGARA 18193216165978000R ;172205692;36;
977;COSMOTE AVT;-18508402;36;
135;κρεωπολείο σταθμός-αφοι φορτετσανάκη οε;081181296;37;
550;farmers market edinburgh;edfarmmar;37;
719;matheson butcher edinburgh;mathesonb;37;
287;βασιλάκης στυλιανός φρουταγορά;059912136;38;
291;δήμητριος τσαφατσίνος-φρουταγορά;029305927;38;
288;τραχανατζή επε-φωτογραφικά είδη;099707172;39;
619;nightowlcm ebay seller;nightowlc;39;
620;foliefrog-uk ebay seller;foliefrog;39;
650;the_digital_frontier ebay seller;digfron;39;
651;pencam12 ebay seller;pencam12;39;
655;gem_bags_anc_cases ebay seller;gem_bags;39;
657;heavends ebay seller;heavends;39;
663;ellieshang ebay seller;ellieshan;39;
670;javax_ber ebayseller;javax_ber;39;
676;life_thru_a_lens ebay seller;lifethrua;39;
689;susan stenman ebay seller;sustenman;39;
691;northcam ebay seller ;northcam;39;
303;hondos center ηρακλείου;099879258;40;
331;leufu ebay seller;leufu;40;
472;scizzorz n stuff ebay seller;scizzorsn;40;
500;power world trading ebay seller;powerwo;40;
501;ssr311289 ebay seller;ssr311289;40;
646;casualcomforts ebay seller;casualcom;40;
649;justin_the_nic_of_time ebay seller;justinthe;42;
1007;Σχόλια;180688570;42;
1008;ENFIA 1-2017;-68291970;42;

